eta,auc_max,std,best_round
0.01,0.842077666666667,0.0118996666666667,914.666666666667
0.012,0.842561666666667,0.00864233333333333,831.75
0.014,0.841529666666667,0.01501,691.666666666667
0.016,0.842862333333333,0.005106,584
0.018,0.842012,0.0100906666666667,523.666666666667
0.02,0.842487333333333,0.01728,466
0.022,0.842427666666667,0.00890066666666667,415
0.024,0.841406333333333,0.0102536666666667,377.333333333333
