"aucMean","aucStd","bestRound"
0.8403802,0.0148742,718.166666666667
0.8406454,0.0089296,799.6
0.8413178,0.0055984,768.166666666667
0.8410948,0.0056514,890.6
0.8411558,0.007156,672.6
0.8410672,0.007844,713
0.8404898,0.0051634,712
0.8405592,0.0055474,720.2
0.8411298,0.0092194,689
0.8406008,0.0059058,776
