"aucMean","aucStd","bestRound"
0.8404946,0.0062082,607.166666666667
0.841184,0.0077282,695.6
0.8397234,0.0101384,709.5
0.8412126,0.0046554,735
0.8407484,0.0092164,697.2
0.8408342,0.0067526,623.833333333333
0.8406086,0.002741,776.2
0.8404598,0.0070926,694.2
0.8409264,0.0050042,688.4
0.841227,0.0139128,733.4
