"aucMean","aucStd","bestRound"
0.8407454,0.0080334,638.6
0.8405662,0.0050392,739.4
0.8396498,0.0087462,671.6
0.8406902,0.0066482,660.333333333333
0.8403176,0.0035956,756.4
0.841539,0.0011372,690.2
0.8406362,0.0055842,732.6
0.8393034,0.006061,679.4
0.8409108,0.0072838,616.5
0.8396702,0.007321,633
