"aucMean","aucStd","bestRound"
0.8398468,0.0043598,662.714285714286
0.8416396,0.0031502,688.4
0.8407192,0.0052922,786.571428571429
0.8410584,0.0061282,661.2
0.8397944,0.0022108,597.428571428571
0.8409082,0.0044818,683.142857142857
0.8403286,0.0071456,673.166666666667
0.8395192,0.0059356,648
0.840777,0.0089784,739.4
0.840143,0.0044408,728.833333333333
