scale_pos_weight,auc_max,std,best_round
0.5,0.839461666666667,0.0149636666666667,79.6666666666667
1,0.839806,0.0120896666666667,90.6666666666667
2,0.839784,0.0129766666666667,71.3333333333333
3,0.840602333333333,0.00811433333333333,72
4,0.840109,0.0128206666666667,49.6666666666667
