gamma,auc_max,std,best_round
0,0.839981666666667,0.012102,75
0.1,0.841268666666667,0.00656366666666667,113
0.2,0.841644333333333,0.013423,82.6666666666667
0.3,0.841106666666667,0.0132643333333333,59
0.4,0.840658333333333,0.00892866666666667,75.3333333333333
0.5,0.840166,0.006847,71.3333333333333
0.6,0.839889,0.01224,68
0.7,0.839031666666667,0.0110663333333333,73
0.8,0.839836,0.0125326666666667,69
0.9,0.840983333333333,0.00885333333333333,65
1,0.840784666666667,0.009562,81
