scale_pos_weight,auc_max,std,best_round
1,0.840305,0.011155,73
2,0.83985,0.008735,49
3,0.840208,0.008645,40
4,0.839791,0.005911,42
