eta,auc_max,std,best_round
0.01,0.842972,0.012969,738
0.015,0.842188,0.008254,507
0.02,0.842626,0.009198,348
0.025,0.84135,0.011561,271
0.03,0.841288,0.015356,244
